{
  "info": {
    "name": "Scalable Web App API",
    "_postman_id": "demo-collection",
    "schema": "https://schema.getpostman.com/json/collection/v2.1.0/collection.json"
  },
  "item": [
    {
      "name": "Signup",
      "request": {
        "method": "POST",
        "header": [
          {
            "key": "Content-Type",
            "value": "application/json"
          }
        ],
        "body": {
          "mode": "raw",
          "raw": "{\n  \"name\": \"Demo User\",\n  \"email\": \"demo@example.com\",\n  \"password\": \"password123\"\n}"
        },
        "url": {
          "raw": "{{baseUrl}}/api/auth/signup",
          "host": [
            "{{baseUrl}}"
          ],
          "path": [
            "api",
            "auth",
            "signup"
          ]
        }
      }
    },
    {
      "name": "Login",
      "request": {
        "method": "POST",
        "header": [
          {
            "key": "Content-Type",
            "value": "application/json"
          }
        ],
        "body": {
          "mode": "raw",
          "raw": "{\n  \"email\": \"demo@example.com\",\n  \"password\": \"password123\"\n}"
        },
        "url": {
          "raw": "{{baseUrl}}/api/auth/login",
          "host": [
            "{{baseUrl}}"
          ],
          "path": [
            "api",
            "auth",
            "login"
          ]
        }
      }
    },
    {
      "name": "Get Profile",
      "request": {
        "method": "GET",
        "header": [
          {
            "key": "Authorization",
            "value": "Bearer {{token}}"
          }
        ],
        "url": {
          "raw": "{{baseUrl}}/api/user/me",
          "host": [
            "{{baseUrl}}"
          ],
          "path": [
            "api",
            "user",
            "me"
          ]
        }
      }
    },
    {
      "name": "List Tasks",
      "request": {
        "method": "GET",
        "header": [
          {
            "key": "Authorization",
            "value": "Bearer {{token}}"
          }
        ],
        "url": {
          "raw": "{{baseUrl}}/api/tasks",
          "host": [
            "{{baseUrl}}"
          ],
          "path": [
            "api",
            "tasks"
          ]
        }
      }
    }
  ],
  "variable": [
    {
      "key": "baseUrl",
      "value": "http://localhost:5000"
    },
    {
      "key": "token",
      "value": ""
    }
  ]
}